<Interlink id="Neighborhood_Linking" linkLimit="1000000" matchingExecutionTimeout="3600">
  <MetaData>
    <Label>Neighborhood Linking</Label>
    <Description></Description>
    <Modified>2022-02-03T15:06:09.949Z</Modified>
  </MetaData>
  <SourceDataset dataSource="AdWords" var="a" typeUri="">
    <RestrictTo> ?a &lt;http://dbpedia.org/ontology/isoCode&gt; &quot;IT&quot; ; &lt;http://www.w3.org/1999/02/22-rdf-syntax-ns#type&gt; &lt;http://dbpedia.org/ontology/Neighborhood&gt; . </RestrictTo>
  </SourceDataset>
  <TargetDataset dataSource="GeoNames" var="b" typeUri="">
    <RestrictTo> ?a &lt;http://www.geonames.org/ontology#featureCode&gt; &lt;http://www.geonames.org/ontology#P.PPL&gt; . </RestrictTo>
  </TargetDataset>
  <LinkageRule linkType="&lt;http://www.w3.org/2002/07/owl#sameAs&gt;">
    <Compare id="levenshteinDistance1" required="false" weight="1" metric="levenshteinDistance" threshold="0.0" indexing="true">
      <TransformInput id="lowerCase1" function="lowerCase">
        <Input id="sourcePath1" path="&lt;http://xmlns.com/foaf/0.1/name&gt;"/>
      </TransformInput>
      <TransformInput id="lowerCase2" function="lowerCase">
        <TransformInput id="replace1" function="replace">
          <Input id="targetPath1" path="&lt;http://www.geonames.org/ontology#name&gt;"/>
          <Param name="search" xml:space="preserve"><![CDATA[Silvi Paese]]></Param>
          <Param name="replace" xml:space="preserve"><![CDATA[Silvi Marina]]></Param>
        </TransformInput>
      </TransformInput>
      <Param name="minChar" xml:space="preserve"><![CDATA[0]]></Param>
      <Param name="maxChar" xml:space="preserve"><![CDATA[z]]></Param>
    </Compare>
    <Filter/>
  </LinkageRule>
  <Outputs> </Outputs>
</Interlink>
