<Workflow id="Output_Neighborhood">
  <MetaData>
    <Label></Label>
    <Description></Description>
    <Modified>2022-02-04T19:28:39.491Z</Modified>
  </MetaData>
  <Operator posX="624" posY="297" task="Neighborhood_Linking" inputs="AdWords,GeoNames" outputs="Output_Data_Neighborhood" errorOutputs="" id="Neighborhood_Linking" configInputs=""/>
  <Dataset posX="312" posY="163" task="AdWords" inputs="" outputs="Neighborhood_Linking" id="AdWords" configInputs=""/>
  <Dataset posX="339" posY="396" task="GeoNames" inputs="" outputs="Neighborhood_Linking" id="GeoNames" configInputs=""/>
  <Dataset posX="1218" posY="256" task="Output_Data_Neighborhood" inputs="Neighborhood_Linking" outputs="" id="Output_Data_Neighborhood" configInputs=""/>
</Workflow>
