<Workflow id="Output_District">
  <MetaData>
    <Label></Label>
    <Description></Description>
    <Modified>2022-02-04T19:30:37.363Z</Modified>
  </MetaData>
  <Operator posX="1021" posY="292" task="District_Linking" inputs="AdWords,GeoNames" outputs="Output_Data_District" errorOutputs="" id="District_Linking" configInputs=""/>
  <Dataset posX="454" posY="240" task="AdWords" inputs="" outputs="District_Linking" id="AdWords" configInputs=""/>
  <Dataset posX="676" posY="470" task="GeoNames" inputs="" outputs="District_Linking" id="GeoNames" configInputs=""/>
  <Dataset posX="1319" posY="243" task="Output_Data_District" inputs="District_Linking" outputs="" id="Output_Data_District" configInputs=""/>
</Workflow>
