<Workflow id="Output_Municipality">
  <MetaData>
    <Label></Label>
    <Description></Description>
    <Modified>2022-02-04T19:29:50.131Z</Modified>
  </MetaData>
  <Operator posX="872" posY="278" task="Municipality_Linking" inputs="AdWords,GeoNames" outputs="Output_Data_Municipality" errorOutputs="" id="Municipality_Linking" configInputs=""/>
  <Dataset posX="400" posY="175" task="AdWords" inputs="" outputs="Municipality_Linking" id="AdWords" configInputs=""/>
  <Dataset posX="549" posY="391" task="GeoNames" inputs="" outputs="Municipality_Linking" id="GeoNames" configInputs=""/>
  <Dataset posX="1353" posY="221" task="Output_Data_Municipality" inputs="Municipality_Linking" outputs="" id="Output_Data_Municipality" configInputs=""/>
</Workflow>
