<Workflow id="Output_Province">
  <MetaData>
    <Label></Label>
    <Description></Description>
    <Modified>2022-02-04T19:27:23.746Z</Modified>
  </MetaData>
  <Operator posX="717" posY="258" task="ProviceLinking" inputs="AdWords,GeoNames" outputs="Output_Data_Province" errorOutputs="" id="ProviceLinking" configInputs=""/>
  <Dataset posX="385" posY="191" task="AdWords" inputs="" outputs="ProviceLinking" id="AdWords" configInputs=""/>
  <Dataset posX="634" posY="385" task="GeoNames" inputs="" outputs="ProviceLinking" id="GeoNames" configInputs=""/>
  <Dataset posX="1187" posY="230" task="Output_Data_Province" inputs="ProviceLinking" outputs="" id="Output_Data_Province" configInputs=""/>
</Workflow>
