<Workflow id="Output_City">
  <MetaData>
    <Label></Label>
    <Description></Description>
    <Modified>2022-02-05T16:09:16.551Z</Modified>
  </MetaData>
  <Operator posX="943" posY="252" task="City_Linking_New" inputs="AdWords,GeoNames" outputs="Output_Data_City" errorOutputs="" id="City_Linking_New" configInputs=""/>
  <Dataset posX="394" posY="208" task="AdWords" inputs="" outputs="City_Linking_New" id="AdWords" configInputs=""/>
  <Dataset posX="477" posY="405" task="GeoNames" inputs="" outputs="City_Linking_New" id="GeoNames" configInputs=""/>
  <Dataset posX="1338" posY="243" task="Output_Data_City" inputs="City_Linking_New" outputs="" id="Output_Data_City" configInputs=""/>
</Workflow>
