<Workflow id="Output_Country">
  <MetaData>
    <Label></Label>
    <Description></Description>
    <Modified>2022-02-04T19:31:26.543Z</Modified>
  </MetaData>
  <Operator posX="925" posY="291" task="CountryLinking" inputs="AdWords,GeoNames" outputs="Output_Data_Country" errorOutputs="" id="CountryLinking" configInputs=""/>
  <Dataset posX="484" posY="137" task="AdWords" inputs="" outputs="CountryLinking" id="AdWords" configInputs=""/>
  <Dataset posX="615" posY="394" task="GeoNames" inputs="" outputs="CountryLinking" id="GeoNames" configInputs=""/>
  <Dataset posX="1530" posY="270" task="Output_Data_Country" inputs="CountryLinking" outputs="" id="Output_Data_Country" configInputs=""/>
</Workflow>
