<Workflow id="Output_Region">
  <MetaData>
    <Label></Label>
    <Description></Description>
    <Modified>2022-02-04T19:26:34.270Z</Modified>
  </MetaData>
  <Operator posX="656" posY="312" task="Region_Linking" inputs="AdWords,GeoNames" outputs="Output_Data_Region" errorOutputs="" id="Region_Linking" configInputs=""/>
  <Dataset posX="357" posY="204" task="AdWords" inputs="" outputs="Region_Linking" id="AdWords" configInputs=""/>
  <Dataset posX="369" posY="417" task="GeoNames" inputs="" outputs="Region_Linking" id="GeoNames" configInputs=""/>
  <Dataset posX="1019" posY="296" task="Output_Data_Region" inputs="Region_Linking" outputs="" id="Output_Data_Region" configInputs=""/>
</Workflow>
