<Interlink id="City_Linking_New" linkLimit="1000000" matchingExecutionTimeout="3600">
  <MetaData>
    <Label></Label>
    <Description></Description>
    <Modified>2022-02-05T13:28:18.973Z</Modified>
  </MetaData>
  <SourceDataset dataSource="AdWords" var="a" typeUri="http://dbpedia.org/ontology/City">
    <RestrictTo> ?a &lt;http://dbpedia.org/ontology/isoCode&gt; &quot;IT&quot; . </RestrictTo>
  </SourceDataset>
  <TargetDataset dataSource="GeoNames" var="b" typeUri="http://www.geonames.org/ontology#Feature">
    <RestrictTo> ?a &lt;http://www.geonames.org/ontology#featureClass&gt; &lt;http://www.geonames.org/ontology#P&gt; . </RestrictTo>
  </TargetDataset>
  <LinkageRule linkType="&lt;http://www.w3.org/2002/07/owl#sameAs&gt;">
    <Aggregate id="min" required="false" weight="1" type="min">
      <Compare id="levenshteinDistance1" required="false" weight="1" metric="levenshteinDistance" threshold="3.0" indexing="true">
        <TransformInput id="removeBlanks1" function="removeBlanks">
          <TransformInput id="alphaReduce1" function="alphaReduce">
            <TransformInput id="replace" function="replace">
              <TransformInput id="replace1" function="replace">
                <TransformInput id="lowerCase" function="lowerCase">
                  <Input id="sourcePath" path="&lt;http://dbpedia.org/ontology/locatedInArea&gt;/&lt;http://xmlns.com/foaf/0.1/name&gt;"/>
                </TransformInput>
                <Param name="search" xml:space="preserve"><![CDATA[aosta]]></Param>
                <Param name="replace" xml:space="preserve"><![CDATA[valle d'aosta]]></Param>
              </TransformInput>
              <Param name="search" xml:space="preserve"><![CDATA[trentino-south tyrol]]></Param>
              <Param name="replace" xml:space="preserve"><![CDATA[trentino-alto adige]]></Param>
            </TransformInput>
          </TransformInput>
        </TransformInput>
        <TransformInput id="removeBlanks2" function="removeBlanks">
          <TransformInput id="alphaReduce2" function="alphaReduce">
            <TransformInput id="lowerCase2" function="lowerCase">
              <Input id="targetPath1" path="&lt;http://www.geonames.org/ontology#parentADM1&gt;/&lt;http://www.geonames.org/ontology#officialName&gt;"/>
            </TransformInput>
          </TransformInput>
        </TransformInput>
        <Param name="minChar" xml:space="preserve"><![CDATA[0]]></Param>
        <Param name="maxChar" xml:space="preserve"><![CDATA[z]]></Param>
      </Compare>
      <Compare id="levenshteinDistance" required="false" weight="1" metric="levenshteinDistance" threshold="0.0" indexing="true">
        <TransformInput id="lowerCase3" function="lowerCase">
          <TransformInput id="removeBlanks3" function="removeBlanks">
            <TransformInput id="alphaReduce3" function="alphaReduce">
              <Input id="sourcePath2" path="&lt;http://xmlns.com/foaf/0.1/name&gt;"/>
            </TransformInput>
          </TransformInput>
        </TransformInput>
        <TransformInput id="lowerCase4" function="lowerCase">
          <TransformInput id="removeBlanks4" function="removeBlanks">
            <TransformInput id="alphaReduce4" function="alphaReduce">
              <Input id="targetPath2" path="&lt;http://www.geonames.org/ontology#name&gt;"/>
            </TransformInput>
          </TransformInput>
        </TransformInput>
        <Param name="minChar" xml:space="preserve"><![CDATA[0]]></Param>
        <Param name="maxChar" xml:space="preserve"><![CDATA[z]]></Param>
      </Compare>
      <Compare id="levenshteinDistance3" required="false" weight="1" metric="levenshteinDistance" threshold="0.0" indexing="true">
        <TransformInput id="lowerCase5" function="lowerCase">
          <TransformInput id="removeBlanks5" function="removeBlanks">
            <TransformInput id="alphaReduce78" function="alphaReduce">
              <Input id="sourcePath3" path="&lt;http://xmlns.com/foaf/0.1/name&gt;"/>
            </TransformInput>
          </TransformInput>
        </TransformInput>
        <TransformInput id="lowerCase6" function="lowerCase">
          <TransformInput id="removeBlanks6" function="removeBlanks">
            <TransformInput id="alphaReduce" function="alphaReduce">
              <Input id="targetPath3" path="&lt;http://www.geonames.org/ontology#parentADM3&gt;/&lt;http://www.geonames.org/ontology#name&gt;"/>
            </TransformInput>
          </TransformInput>
        </TransformInput>
        <Param name="minChar" xml:space="preserve"><![CDATA[0]]></Param>
        <Param name="maxChar" xml:space="preserve"><![CDATA[z]]></Param>
      </Compare>
    </Aggregate>
    <Filter/>
  </LinkageRule>
  <Outputs> </Outputs>
</Interlink>
