<Interlink id="Region_Linking" linkLimit="1000000" matchingExecutionTimeout="3600">
  <MetaData>
    <Label>Region Linking</Label>
    <Description></Description>
    <Modified>2022-02-04T18:44:37.187Z</Modified>
  </MetaData>
  <SourceDataset dataSource="AdWords" var="a" typeUri="http://dbpedia.org/ontology/Region">
    <RestrictTo> ?a &lt;http://dbpedia.org/ontology/isoCode&gt; &quot;IT&quot; . </RestrictTo>
  </SourceDataset>
  <TargetDataset dataSource="GeoNames" var="b" typeUri="http://www.geonames.org/ontology#Feature">
    <RestrictTo> ?a &lt;http://www.geonames.org/ontology#featureCode&gt; &lt;http://www.geonames.org/ontology#A.ADM1&gt; ; &lt;http://www.geonames.org/ontology#countryCode&gt; &quot;IT&quot; . </RestrictTo>
  </TargetDataset>
  <LinkageRule linkType="&lt;http://www.w3.org/2002/07/owl#sameAs&gt;">
    <Compare id="levenshteinDistance1" required="false" weight="1" metric="levenshteinDistance" threshold="3.0" indexing="true">
      <TransformInput id="lowerCase1" function="lowerCase">
        <TransformInput id="replace2" function="replace">
          <TransformInput id="replace1" function="replace">
            <Input id="sourcePath1" path="&lt;http://xmlns.com/foaf/0.1/name&gt;"/>
            <Param name="search" xml:space="preserve"><![CDATA[Aosta]]></Param>
            <Param name="replace" xml:space="preserve"><![CDATA[Valle d'Aosta]]></Param>
          </TransformInput>
          <Param name="search" xml:space="preserve"><![CDATA[Trentino-South Tyrol]]></Param>
          <Param name="replace" xml:space="preserve"><![CDATA[Trentino-Alto Adige]]></Param>
        </TransformInput>
      </TransformInput>
      <TransformInput id="lowerCase2" function="lowerCase">
        <Input id="targetPath1" path="&lt;http://www.geonames.org/ontology#officialName&gt;"/>
      </TransformInput>
      <Param name="minChar" xml:space="preserve"><![CDATA[0]]></Param>
      <Param name="maxChar" xml:space="preserve"><![CDATA[z]]></Param>
    </Compare>
    <Filter/>
  </LinkageRule>
  <Outputs> </Outputs>
</Interlink>
