<Dataset id="AdWords" type="file" uriProperty="">
  <MetaData>
    <Label>Ad Words</Label>
    <Description></Description>
    <Modified>2022-02-02T14:17:56.810Z</Modified>
  </MetaData>
  <Param name="zipFileRegex" xml:space="preserve"><![CDATA[.*]]></Param>
  <Param name="format" xml:space="preserve"><![CDATA[Turtle]]></Param>
  <Param name="maxReadSize" xml:space="preserve"><![CDATA[100]]></Param>
  <Param name="file" xml:space="preserve"><![CDATA[rdf-geotargets.ttl]]></Param>
  <Param name="graph" xml:space="preserve"><![CDATA[]]></Param>
  <Param name="entityList" xml:space="preserve"><![CDATA[]]></Param>
</Dataset>
