<Dataset id="GeoNames" type="file" uriProperty="">
  <MetaData>
    <Label>Geo Names</Label>
    <Description></Description>
    <Modified>2022-02-02T14:19:09.562Z</Modified>
  </MetaData>
  <Param name="zipFileRegex" xml:space="preserve"><![CDATA[.*]]></Param>
  <Param name="format" xml:space="preserve"><![CDATA[Turtle]]></Param>
  <Param name="maxReadSize" xml:space="preserve"><![CDATA[100]]></Param>
  <Param name="file" xml:space="preserve"><![CDATA[IT.ttl]]></Param>
  <Param name="graph" xml:space="preserve"><![CDATA[]]></Param>
  <Param name="entityList" xml:space="preserve"><![CDATA[]]></Param>
</Dataset>
