<Dataset id="Output_Data_Region" type="file" uriProperty="">
  <MetaData>
    <Label>Output Data Region</Label>
    <Description></Description>
    <Modified>2022-02-04T19:23:00.363Z</Modified>
  </MetaData>
  <Param name="zipFileRegex" xml:space="preserve"><![CDATA[.*]]></Param>
  <Param name="format" xml:space="preserve"><![CDATA[N-Triples]]></Param>
  <Param name="maxReadSize" xml:space="preserve"><![CDATA[200]]></Param>
  <Param name="file" xml:space="preserve"><![CDATA[output_region.txt]]></Param>
  <Param name="graph" xml:space="preserve"><![CDATA[]]></Param>
  <Param name="entityList" xml:space="preserve"><![CDATA[]]></Param>
</Dataset>
