<Interlink id="ProviceLinking" linkLimit="1000000" matchingExecutionTimeout="3600">
  <MetaData>
    <Label>Provice Linking</Label>
    <Description></Description>
    <Modified>2022-02-06T21:02:46.530Z</Modified>
  </MetaData>
  <SourceDataset dataSource="AdWords" var="a" typeUri="http://dbpedia.org/ontology/Province">
    <RestrictTo> ?a &lt;http://dbpedia.org/ontology/isoCode&gt; &quot;IT&quot; . </RestrictTo>
  </SourceDataset>
  <TargetDataset dataSource="GeoNames" var="b" typeUri="http://www.geonames.org/ontology#Feature">
    <RestrictTo> {?a &lt;http://www.geonames.org/ontology#featureCode&gt; &lt;http://www.geonames.org/ontology#A.ADM2&gt; ; &lt;http://www.geonames.org/ontology#countryCode&gt; &quot;IT&quot;} UNION {?a &lt;http://www.geonames.org/ontology#featureCode&gt; &lt;http://www.geonames.org/ontology#A.ADM2H&gt; ; &lt;http://www.geonames.org/ontology#countryCode&gt; &quot;IT&quot;} . </RestrictTo>
  </TargetDataset>
  <LinkageRule linkType="&lt;http://www.w3.org/2002/07/owl#sameAs&gt;">
    <Aggregate id="min" required="false" weight="1" type="min">
      <Compare id="levenshteinDistance" required="false" weight="1" metric="levenshteinDistance" threshold="3.0" indexing="true">
        <TransformInput id="lowerCase" function="lowerCase">
          <TransformInput id="alphaReduce1" function="alphaReduce">
            <TransformInput id="replace" function="replace">
              <TransformInput id="replace1" function="replace">
                <Input id="regione" path="&lt;http://dbpedia.org/ontology/locatedInArea&gt;/&lt;http://xmlns.com/foaf/0.1/name&gt;"/>
                <Param name="search" xml:space="preserve"><![CDATA[Aosta]]></Param>
                <Param name="replace" xml:space="preserve"><![CDATA[Valle d'Aosta]]></Param>
              </TransformInput>
              <Param name="search" xml:space="preserve"><![CDATA[Trentino-South Tyrol]]></Param>
              <Param name="replace" xml:space="preserve"><![CDATA[Trentino-Alto Adige]]></Param>
            </TransformInput>
          </TransformInput>
        </TransformInput>
        <TransformInput id="lowerCase2" function="lowerCase">
          <TransformInput id="alphaReduce" function="alphaReduce">
            <Input id="regionet" path="&lt;http://www.geonames.org/ontology#parentADM1&gt;/&lt;http://www.geonames.org/ontology#officialName&gt;"/>
          </TransformInput>
        </TransformInput>
        <Param name="minChar" xml:space="preserve"><![CDATA[0]]></Param>
        <Param name="maxChar" xml:space="preserve"><![CDATA[z]]></Param>
      </Compare>
      <Compare id="levenshteinDistance1" required="false" weight="1" metric="levenshteinDistance" threshold="2.0" indexing="true">
        <TransformInput id="stripPrefix" function="stripPrefix">
          <TransformInput id="stripPrefix1" function="stripPrefix">
            <TransformInput id="stripPrefix3" function="stripPrefix">
              <TransformInput id="alphaReduce2" function="alphaReduce">
                <TransformInput id="lowerCase4" function="lowerCase">
                  <TransformInput id="replace45" function="replace">
                    <TransformInput id="replace2" function="replace">
                      <TransformInput id="replace3" function="replace">
                        <TransformInput id="replace5" function="replace">
                          <Input id="provincia" path="&lt;http://xmlns.com/foaf/0.1/name&gt;"/>
                          <Param name="search" xml:space="preserve"><![CDATA[Province of Massa and Carrara]]></Param>
                          <Param name="replace" xml:space="preserve"><![CDATA[Province of Massa-Carrara]]></Param>
                        </TransformInput>
                        <Param name="search" xml:space="preserve"><![CDATA[UTI Giuliana]]></Param>
                        <Param name="replace" xml:space="preserve"><![CDATA[Trieste]]></Param>
                      </TransformInput>
                      <Param name="search" xml:space="preserve"><![CDATA[South Tyrol]]></Param>
                      <Param name="replace" xml:space="preserve"><![CDATA[bolzano]]></Param>
                    </TransformInput>
                    <Param name="search" xml:space="preserve"><![CDATA[Aosta Valley]]></Param>
                    <Param name="replace" xml:space="preserve"><![CDATA[aosta]]></Param>
                  </TransformInput>
                </TransformInput>
              </TransformInput>
              <Param name="prefix" xml:space="preserve"><![CDATA[free municipal consortium of]]></Param>
            </TransformInput>
            <Param name="prefix" xml:space="preserve"><![CDATA[metropolitan city of]]></Param>
          </TransformInput>
          <Param name="prefix" xml:space="preserve"><![CDATA[province of ]]></Param>
        </TransformInput>
        <TransformInput id="removeEmptyValues1" function="removeEmptyValues">
          <TransformInput id="stripPrefix5" function="stripPrefix">
            <TransformInput id="stripPrefix12" function="stripPrefix">
              <TransformInput id="stripPrefix2" function="stripPrefix">
                <TransformInput id="alphaReduce3" function="alphaReduce">
                  <TransformInput id="lowerCase3" function="lowerCase">
                    <TransformInput id="replace4" function="replace">
                      <Input id="provinciat" path="&lt;http://www.geonames.org/ontology#officialName&gt;"/>
                      <Param name="search" xml:space="preserve"><![CDATA[Barletta - Andria - Trani]]></Param>
                      <Param name="replace" xml:space="preserve"><![CDATA[Barletta-Andria-Trani]]></Param>
                    </TransformInput>
                  </TransformInput>
                </TransformInput>
                <Param name="prefix" xml:space="preserve"><![CDATA[province of]]></Param>
              </TransformInput>
              <Param name="prefix" xml:space="preserve"><![CDATA[metropolitan city of]]></Param>
            </TransformInput>
            <Param name="prefix" xml:space="preserve"><![CDATA[provincia di]]></Param>
          </TransformInput>
        </TransformInput>
        <Param name="minChar" xml:space="preserve"><![CDATA[0]]></Param>
        <Param name="maxChar" xml:space="preserve"><![CDATA[z]]></Param>
      </Compare>
    </Aggregate>
    <Filter/>
  </LinkageRule>
  <Outputs> </Outputs>
</Interlink>
