<rdf:RDF xmlns:align="http://knowledgeweb.semanticweb.org/heterogeneity/alignment#" xmlns:xsd="http://www.w3.org/2001/XMLSchema#" xmlns:rdf="http://www.w3.org/1999/02/22-rdf-syntax-ns#" xmlns="http://knowledgeweb.semanticweb.org/heterogeneity/alignment#">
  <Alignment>
    <map>
      <Cell>
        <entity1 rdf:resource="http://localhost:2020/resource/geotargets/1008729"/>
        <entity2 rdf:resource="http://sws.geonames.org/8959131/"/>
        <relation>!=</relation>
        <measure rdf:datatype="http://www.w3.org/2001/XMLSchema#float">0.0</measure>
      </Cell>
    </map>
  </Alignment>
</rdf:RDF>
