<Interlink id="CountryLinking" linkLimit="1000000" matchingExecutionTimeout="3600">
  <MetaData>
    <Label>Country Linking</Label>
    <Description></Description>
    <Modified>2022-02-03T15:16:05.503Z</Modified>
  </MetaData>
  <SourceDataset dataSource="AdWords" var="a" typeUri="http://dbpedia.org/ontology/Country">
    <RestrictTo> ?a &lt;http://dbpedia.org/ontology/isoCode&gt; &quot;IT&quot; . </RestrictTo>
  </SourceDataset>
  <TargetDataset dataSource="GeoNames" var="b" typeUri="http://www.geonames.org/ontology#Feature">
    <RestrictTo> ?a &lt;http://www.geonames.org/ontology#featureCode&gt; &lt;http://www.geonames.org/ontology#A.PCLI&gt; ; &lt;http://www.geonames.org/ontology#countryCode&gt; &quot;IT&quot; . </RestrictTo>
  </TargetDataset>
  <LinkageRule linkType="&lt;http://www.w3.org/2002/07/owl#sameAs&gt;">
    <Compare id="equality1" required="false" weight="1" metric="equality" threshold="0.0" indexing="true">
      <TransformInput id="lowerCase2" function="lowerCase">
        <Input id="sourcePath1" path="&lt;http://xmlns.com/foaf/0.1/name&gt;"/>
      </TransformInput>
      <TransformInput id="lowerCase1" function="lowerCase">
        <Input id="targetPath1" path="&lt;http://www.geonames.org/ontology#name&gt;"/>
      </TransformInput>
    </Compare>
    <Filter/>
  </LinkageRule>
  <Outputs> </Outputs>
</Interlink>
